PRODUCT_ID,PRODUCT_NAME,LANGUAGE_ID,MIN_PRICE,LIST_PRICE,PRODUCT_STATUS,SUPPLIER_ID,WARRANTY_PERIOD,WEIGHT_CLASS,PRODUCT_DESCRIPTION,CATEGORY_ID,CATALOG_URL,SUB_CATEGORY_NAME,SUB_CATEGORY_DESCRIPTION,PARENT_CATEGORY_ID,CATEGORY_NAME
1726,LCD Monitor 11/PM,US,208,259,under development,102067,-3,3,"Liquid Cristal Display 11 inch passive monitor. The virtually-flat, high-resolution screen delivers outstanding image quality with reduced glare.",11,http://www.www.supp-102067.com/cat/hw/p1726.html,hardware1,monitors,10,hardware
1729,Chemicals - RCP,US,66,80,orderable,103094,5,2,Cleaning Chemicals - 3500 roller clean pads,39,http://www.supp-103094.com/cat/off/p1729.html,office4,miscellaneous office supplies,30,office equipment
1733,PS 220V /UK,US,76,89,orderable,102080,-9,2,220V Power supply type - United Kingdom,19,http://www.supp-102080.com/cat/hw/p1733.html,hardware8,"miscellaneous hardware (cables, screws, power supplies ...)",10,hardware
1734,Cable RS232 10/AM,US,5,6,orderable,102055,1,2,10 ft RS232 cable with M/M and 9M/25M adapters,19,http://www.supp-102055.com/cat/hw/p1734.html,hardware8,"miscellaneous hardware (cables, screws, power supplies ...)",10,hardware
1737,Cable SCSI 10/FW/ADS,US,6,8,orderable,102095,-2,2,10ft SCSI2 F/W Adapt to DSxx0 Cable,19,http://www.supp-102095.com/cat/hw/p1737.html,hardware8,"miscellaneous hardware (cables, screws, power supplies ...)",10,hardware
1738,PS 110V /US,US,70,86,orderable,102062,1,2,110 V Power Supply - US compatible,19,http://www.supp-102062.com/cat/hw/p1738.html,hardware8,"miscellaneous hardware (cables, screws, power supplies ...)",10,hardware
1739,SDRAM - 128 MB,US,248,299,orderable,102077,-9,1,"SDRAM memory, 128 MB capacity. SDRAM can access data at speeds up to 100 MHz, which is up to four times as fast as standard DRAMs. The advantages of SDRAM can be fully realized, however, only by computers designed to support SDRAM. SDRAM is available on 5 and 3.3 volt DIMMs.",14,http://www.supp-102077.com/cat/hw/p1739.html,hardware4,memory components/upgrades,10,hardware
1740,TD 12GB/DAT,US,111,134,orderable,102075,-5,2,"Tape drive - 12 gigabyte capacity, DAT format.",17,http://www.supp-102075.com/cat/hw/p1740.html,hardware7,"other peripherals (CD-ROM, DVD, tape cartridge drives, ...)",10,hardware
1742,CD-ROM 500/16x,US,81,101,orderable,102052,-6,1,"CD drive, read only, speed 16x, maximum capacity 500 MB.",17,http://www.supp-102052.com/cat/hw/p1742.html,hardware7,"other peripherals (CD-ROM, DVD, tape cartridge drives, ...)",10,hardware
1743,HD 18.2GB @10000 /E,US,661,800,planned,102078,3,3,"External hard drive disk - 18.2 GB, rated up to 10,000 RPM. These drives are intended for use in today's demanding, data-critical enterprise environments and are ideal for use in RAID applications.",13,http://www.supp-102078.com/cat/hw/p1743.html,hardware3,harddisks,10,hardware
1745,Cable SCSI 20/WD->D,US,7,9,orderable,102095,-2,2,20ft SCSI2 Wide Disk Store to Disk Store Cable,19,http://www.supp-102095.com/cat/hw/p1745.html,hardware8,"miscellaneous hardware (cables, screws, power supplies ...)",10,hardware
1748,PS 220V /EUR,US,70,83,orderable,102053,1,2,220 Volt Power supply type - Europe,19,http://www.supp-102053.com/cat/hw/p1748.html,hardware8,"miscellaneous hardware (cables, screws, power supplies ...)",10,hardware
1749,DIMM - 256MB,US,300,337,orderable,102053,-6,1,Memory DIMM: RAM 256 MB. (100-MHz Registered SDRAM),14,http://www.supp-102053.com/cat/hw/p1749.html,hardware4,memory components/upgrades,10,hardware
1750,DIMM - 2GB,US,560,699,orderable,102052,-6,1,"Memory DIMM: RAM, 2 GB capacity.",14,http://www.supp-102052.com/cat/hw/p1750.html,hardware4,memory components/upgrades,10,hardware
1755,32MB Cache /NM,US,99,121,orderable,102076,-6,1,32MB Non-Mirrored cache memory,14,http://www.supp-102076.com/cat/hw/p1755.html,hardware4,memory components/upgrades,10,hardware
1761,CD-ROM 600/I/32x,US,119,134,under development,102052,1,2,"600 MB Internal CD-ROM Drive, speed 32x (read only).",17,http://www.supp-102052.com/cat/hw/p1761.html,hardware7,"other peripherals (CD-ROM, DVD, tape cartridge drives, ...)",10,hardware
1763,DIMM - 64MB,US,202,247,orderable,102069,1,1,"Memory DIMM: RAM, 64MB (100-MHz Unregistered ECC SDRAM)",14,http://www.supp-102069.com/cat/hw/p1763.html,hardware4,memory components/upgrades,10,hardware
1768,HD 8.2GB @5400,US,306,345,orderable,102093,2,2,"Hard drive disk - 8.2 GB, rated up to 5,400 RPM. Supra drives eliminate the risk of firmware incompatibility. Standard serial RS-232 interface.",13,http://www.supp-102093.com/cat/hw/p1768.html,hardware3,harddisks,10,hardware
1769,GP 800x600,US,,48,orderable,102050,-6,1,"Graphics processor, resolution 800 x 600 pixels. Remarkable value for users requiring great 2D capabilities or general 3D support for advanced applications. Drives incredible performance in highly complex models and frees the customer to focus on the design, instead of the rendering process.",15,http://www.supp-102050.com/cat/hw/p1769.html,hardware5,"processors, sound and video cards, network cards, motherboards",10,hardware
1770,8MB Cache /NM,US,73,,orderable,102050,-6,1,8MB Non-Mirrored Cache Memory (100-MHz Registered SDRAM),14,http://www.supp-102050.com/cat/hw/p1770.html,hardware4,memory components/upgrades,10,hardware
1772,HD 9.1GB @10000,US,393,456,orderable,102070,5,3,"Hard disk drive - 9.1 GB, rated up to 10,000 RPM. These drives are intended for use in data-critical enterprise environments. Ease of doing business: you can easily select the drives you need regardless of the application in which they will be deployed.",13,http://www.supp-102070.com/cat/hw/p1772.html,hardware3,harddisks,10,hardware
1774,Base ISO CP - BL,US,93,110,orderable,103088,0,1,Base ISO Communication Package - Base License,29,http://www.supp-103088.com/cat/sw/p1774.html,software6,miscellaneous software,20,software
1775,Client ISO CP - S,US,22,27,orderable,103087,0,1,ISO Communication Package add-on license for additional SPNIX V3.3 client.,29,http://www.supp-103087.com/cat/sw/p1775.html,software6,miscellaneous software,20,software
1778,C for SPNIX3.3 - 1 Seat,US,52,62,orderable,103092,-6,1,C programming software for SPNIX V3.3 - single user,25,http://www.supp-103092.com/cat/sw/p1778.html,software5,software development tools (including languages),20,software
1779,C for SPNIX3.3 - Doc,US,112,128,orderable,103092,10,2,"C programming language documentation , SPNIX V3.3",25,http://www.supp-103092.com/cat/sw/p1779.html,software5,software development tools (including languages),20,software
1780,C for SPNIX3.3 - Sys,US,385,450,orderable,103092,-6,1,"C programming software for SPNIX V3.3 - system compiler, libraries, linker",25,http://www.supp-103092.com/cat/sw/p1780.html,software5,software development tools (including languages),20,software
1781,CDW 20/48/E,US,206,233,orderable,102060,-9,2,"CD Writer, read 48x, write 20x",17,http://www.supp-102060.com/cat/hw/p1781.html,hardware7,"other peripherals (CD-ROM, DVD, tape cartridge drives, ...)",10,hardware
1782,Compact 400/DQ,US,108,125,obsolete,102088,-5,4,"400 characters per second high-speed draft printer. Dimensions (HxWxD): 17.34 x 24.26 x 26.32 inch. Interface: RS-232 serial (9-pin), no expansion slots. Paper size: A4, US Letter.",12,http://www.supp-102088.com/cat/hw/p1782.html,hardware2,printers,10,hardware
1787,CPU D300,US,90,101,orderable,102097,3,1,"Dual CPU @ 300Mhz. For light personal processing only, or file servers with less than 5 concurrent users. This product will probably become obsolete soon.",15,http://www.supp-102097.com/cat/hw/p1787.html,hardware5,"processors, sound and video cards, network cards, motherboards",10,hardware
1788,CPU D600,US,149,178,orderable,102067,5,1,"Dual CPU @ 600Mhz. State of the art, high clock speed; for heavy load WAN servers (up to 200 concurrent users).",15,http://www.supp-102067.com/cat/hw/p1788.html,hardware5,"processors, sound and video cards, network cards, motherboards",10,hardware
1791,Industrial 700/HD,US,239,275,orderable,102086,5,5,"700 characters per second dot-matrix printer with harder body and dust protection for industrial uses. Interface: Centronics parallel, IEEE 1284 compliant. Paper size: 3x5 inch to 11x17 inch full bleed wide format. Memory: 4MB. Dimensions (HxWxD): 9.3 x 16.5 x 13 inch.",12,http://www.supp-102086.com/cat/hw/p1791.html,hardware2,printers,10,hardware
1792,Industrial 600/DQ,US,180,225,orderable,102088,5,4,Wide carriage color capability 600 characters per second high-speed draft printer. Dimensions (HxWxD): 22.31 x 25.73 x 20.12 inch. Paper size: 3x5 inch to 11x17 inch full bleed wide format.,12,http://www.supp-102088.com/cat/hw/p1792.html,hardware2,printers,10,hardware
1794,OSI 8-16/IL,US,112,128,orderable,103096,0,1,OSI Layer 8 to 16 - Incremental License,29,http://www.supp-103096.com/cat/sw/p1794.html,software6,miscellaneous software,20,software
1797,Inkjet C/8/HQ,US,288,349,orderable,102094,2,3,"Inkjet printer, color, 8 pages per minute, high resolution (photo quality). Memory: 16MB. Dimensions (HxWxD): 7.3 x 17.5 x 14 inch. Paper size: A4, US Letter, envelopes. Interface: Centronics parallel, IEEE 1284 compliant.",12,http://www.supp-102094.com/cat/hw/p1797.html,hardware2,printers,10,hardware
1799,SPNIX3.3 - SL,US,874,1000,orderable,103092,1,1,"Operating System Software: SPNIX V3.3 - Base Server License. Includes 10 general licenses for system administration, developers, or users. No network user licensing. ",24,http://www.supp-103092.com/cat/sw/p1799.html,software4,operating systems,20,software
1801,SPNIX3.3 - AL,US,88,100,orderable,103092,1,1,"Operating System Software: SPNIX V3.3 - Additional system administrator license, including network access.",24,http://www.supp-103092.com/cat/sw/p1801.html,software4,operating systems,20,software
1803,SPNIX3.3 - DL,US,51,60,orderable,103092,1,1,Operating System Software: SPNIX V3.3 - Additional developer license.,24,http://www.supp-103092.com/cat/sw/p1803.html,software4,operating systems,20,software
1804,SPNIX3.3 - UL/N,US,56,65,orderable,103092,1,1,Operating System Software: SPNIX V3.3 - Additional user license with network access.,24,http://www.supp-103092.com/cat/sw/p1804.html,software4,operating systems,20,software
1805,SPNIX3.3 - UL/A,US,42,50,orderable,103092,1,1,Operating System Software: SPNIX V3.3 - Additional user license class A.,24,http://www.supp-103092.com/cat/sw/p1805.html,software4,operating systems,20,software
1806,SPNIX3.3 - UL/C,US,42,50,orderable,103092,1,1,Operating System Software: SPNIX V3.3 - Additional user license class C.,24,http://www.supp-103092.com/cat/sw/p1806.html,software4,operating systems,20,software
1808,SPNIX3.3 - UL/D,US,46,55,orderable,103092,1,1,Operating System Software: SPNIX V3.3 - Additional user license class D.,24,http://www.supp-103092.com/cat/sw/p1808.html,software4,operating systems,20,software
1820,SPNIX3.3 - NL,US,45,55,orderable,103092,1,1,Operating System Software: SPNIX V3.3 - Additional network access license.,24,http://www.supp-103092.com/cat/sw/p1820.html,software4,operating systems,20,software
1822,SPNIX4.0 - SL,US,1303,1500,orderable,103092,1,1,"Operating System Software: SPNIX V4.0 - Base Server License. Includes 10 general licenses for system administration, developers, or users. No network user licensing. ",24,http://www.supp-103092.com/cat/sw/p1822.html,software4,operating systems,20,software
1825,X25 - 1 Line License,US,21,25,orderable,103093,-6,1,"X25 network access control system, single user",29,http://www.supp-103093.com/cat/sw/p1825.html,software6,miscellaneous software,20,software
1910,FG Stock - H,US,11,14,orderable,103083,0,3,"Fiberglass Stock - heavy duty, 1 thick",39,http://www.supp-103083.com/cat/off/p1910.html,office4,miscellaneous office supplies,30,office equipment
1912,SS Stock - 3mm,US,12,15,orderable,103083,0,2,"Stainless steel stock - 3mm. Can be predrilled for standard power supplies, motherboard holders, and hard drives. Please use appropriate template to identify model number, placement, and size of finished sheet when placing order for drilled sheet.",39,http://www.supp-103083.com/cat/off/p1912.html,office4,miscellaneous office supplies,30,office equipment
1940,ESD Bracelet/Clip,US,14,18,orderable,103095,-5,1,Electro static discharge bracelet with alligator clip for easy connection to computer chassis or other ground.,39,http://www.supp-103095.com/cat/off/p1940.html,office4,miscellaneous office supplies,30,office equipment
1948,Envoy IC/58,US,428,498,orderable,102060,-5,4,Internet computer with built-in 58K modem,19,http://www.supp-102060.com/cat/hw/p1948.html,hardware8,"miscellaneous hardware (cables, screws, power supplies ...)",10,hardware
2004,IC Browser - S,US,80,90,orderable,103086,-1,1,IC Web Browser for SPNIX. Browser with network mail capability.,29,http://www.supp-103086.com/cat/sw/p2004.html,software6,miscellaneous software,20,software
2005,IC Browser Doc - S,US,100,115,orderable,103086,0,2,"Documentation set for IC Web Browser for SPNIX. Includes Installation Manual, Mail Server Administration Guide, and User Quick Reference.",29,http://www.supp-103086.com/cat/sw/p2005.html,software6,miscellaneous software,20,software
2030,Latex Gloves,US,10,12,orderable,103097,10,1,"Latex Gloves for assemblers, chemical handlers, fitters. Heavy duty, safety orange, with textured grip on fingers and thumb. Waterproof and shock-proof up to 220 volts/2 amps, 110 volts/5 amps. Acid proof for up to 5 minutes.",39,http://www.supp-103097.com/cat/off/p2030.html,office4,miscellaneous office supplies,30,office equipment
2049,MB - S300,US,47,55,obsolete,102082,1,2,"PC type motherboard, 300 Series.",15,http://www.supp-102082.com/cat/hw/p2049.html,hardware5,"processors, sound and video cards, network cards, motherboards",10,hardware
2056,Mouse Pad /CL,US,6,8,planned,102099,1,1,"Standard mouse pad, with corporate logo",16,http://www.supp-102099.com/cat/hw/p2056.html,hardware6,"keyboards, mouses, mouse pads",10,hardware
2058,Mouse +WP,US,19,23,orderable,102055,1,1,Combination of a mouse and a wrist pad for more comfortable typing and mouse operation.,16,http://www.supp-102055.com/cat/hw/p2058.html,hardware6,"keyboards, mouses, mouse pads",10,hardware
2091,Paper Tablet LW 8 1/2 x 11,US,0,1,orderable,103095,0,1,"Paper tablet, lined, white, size 8 1/2 x 11 inch",32,http://www.supp-103095.com/cat/off/p2091.html,office2,"office supplies for daily use (pencils, erasers, staples, ...)",30,office equipment
2093,Pens - 10/FP,US,7,8,orderable,103090,0,1,"Permanent ink pen dries quickly and is smear resistant. Provides smooth, skip-free writing. Fine point. Single color boxes (black, blue, red) or assorted box (6 black, 3 blue, and 1 red).",32,http://www.supp-103090.com/cat/off/p2093.html,office2,"office supplies for daily use (pencils, erasers, staples, ...)",30,office equipment
2144,Card Organizer Cover,US,14,18,orderable,103094,-1,1,Replacement cover for desk top style business card holder. Smoke grey (original color) or clear plastic.,32,http://www.supp-103094.com/cat/off/p2144.html,office2,"office supplies for daily use (pencils, erasers, staples, ...)",30,office equipment
2152,Router - DTMF4,US,191,231,obsolete,102063,-9,3,DTMF 4 port router,19,http://www.supp-102063.com/cat/hw/p2152.html,hardware8,"miscellaneous hardware (cables, screws, power supplies ...)",10,hardware
2211,Wrist Pad,US,3,4,orderable,102072,1,1,A foam strip to support your wrists when using a keyboard,16,http://www.supp-102072.com/cat/hw/p2211.html,hardware6,"keyboards, mouses, mouse pads",10,hardware
2231,Desk - S/V,US,2114,2510,orderable,103082,15,5,"Standard-sized desk; capitalizable, taxable item. Final finish is from veneer in stock at time of order, including oak, ash, cherry, and mahogany.",31,http://www.supp-103082.com/cat/off/p2231.html,office1,"capitalizable assets (desks, chairs, phones ...)",30,office equipment
2236,Plasma Monitor 10/TFT/XGA,US,863,964,under development,102090,1,3,10 inch TFT XGA flatscreen monitor for laptop computers,11,http://www.supp-102090.com/cat/hw/p2236.html,hardware1,monitors,10,hardware
2243,Monitor 17/HR/F,US,302,350,orderable,102060,-6,4,"Monitor 17 inch (16 viewable) high resolution, flat screen. High density photon gun with Enhanced Elliptical Correction System for more consistent, accurate focus across the screen, even in the corners.",11,http://www.supp-102060.com/cat/hw/p2243.html,hardware1,monitors,10,hardware
2245,Monitor 19/SD/M,US,420,512,orderable,102053,-9,5,"Monitor 19 (18 Viewable) short depth, Monochrome. Outstanding image performance in a compact design. A simple, on-screen dislay menu helps you easily adjust screen dimensions, colors and image attributes. Just plug your monitor into your PC and you are ready to go.",11,http://www.supp-102053.com/cat/hw/p2245.html,hardware1,monitors,10,hardware
2252,Monitor 21/HR/M,US,717,889,obsolete,102079,-5,5,"Monitor 21 inch (20 viewable) high resolution, monochrome. Unit size: 35.6 x 29.6 x 33.3 cm (14.6 kg) Package: 40.53 x 31.24 x 35.39 cm (16.5 kg). Horizontal frequency 31.5 - 54 kHz, Vertical frequency 50 - 120 Hz. Universal power supply 90 - 132 V, 50 - 60 Hz.",11,http://www.supp-102079.com/cat/hw/p2252.html,hardware1,monitors,10,hardware
2253,HD 10GB @5400 /SE,US,322,399,obsolete,102069,3,2,"10GB capacity hard disk drive (external) SCSI interface, 5400 RPM. Universal option kits are configured and pre-mounted in the appropriate hot plug tray for immediate installation into your corporate server or storage system. Supra drives eliminate the risk of firmware incompatibility.",13,http://www.supp-102069.com/cat/hw/p2253.html,hardware3,harddisks,10,hardware
2254,HD 10GB /I,US,371,453,obsolete,102071,2,2,"10GB capacity hard disk drive (internal). These drives are intended for use in today's demanding, data-critical enterprise environments and are ideal for use in RAID applications. Universal option kits are configured and pre-mounted in the appropriate hot plug tray for immediate installation into your corporate server or storage system.",13,http://www.supp-102071.com/cat/hw/p2254.html,hardware3,harddisks,10,hardware
2255,HD 12GB @7200 /SE,US,628,775,orderable,102057,2,2,"12GB capacity hard disk drive (external) SCSI, 7200 RPM. These drives are intended for use in today's demanding, data-critical enterprise environments and can be used in RAID applications. Universal option kits are configured and pre-mounted in the appropriate hot plug tray for immediate installation into your corporate server or storage system.",13,http://www.supp-102057.com/cat/hw/p2255.html,hardware3,harddisks,10,hardware
2257,HD 8GB /I,US,338,399,orderable,102061,3,1,8GB capacity hard disk drive (internal). Supra9 hot pluggable hard disk drives provide the ability to install or remove drives on-line. Backward compatibility: You can mix Supra2 and Supra3 devices for optimized solutions and future growth.,13,http://www.supp-102061.com/cat/hw/p2257.html,hardware3,harddisks,10,hardware
2259,FD 1.44/3.5,US,32,39,orderable,102086,-9,1,Floppy Drive - 1.44 MB High Density capacity - 3.5 inch chassis,17,http://www.supp-102086.com/cat/hw/p2259.html,hardware7,"other peripherals (CD-ROM, DVD, tape cartridge drives, ...)",10,hardware
2260,DFD 1.44/3.5,US,54,67,orderable,102062,-6,2,Dual Floppy Drive - 1.44 MB - 3.5,17,http://www.supp-102062.com/cat/hw/p2260.html,hardware7,"other peripherals (CD-ROM, DVD, tape cartridge drives, ...)",10,hardware
2261,FD 1.44/3.5/E,US,37,42,orderable,102086,-9,2,Floppy disk drive - 1.44 MB (high density) capacity - 3.5 inch (external),17,http://www.supp-102086.com/cat/hw/p2261.html,hardware7,"other peripherals (CD-ROM, DVD, tape cartridge drives, ...)",10,hardware
2262,ZIP 100,US,81,98,orderable,102054,-5,2,"ZIP Drive, 100 MB capacity (external) plus cable for parallel port connection",17,http://www.supp-102054.com/cat/hw/p2262.html,hardware7,"other peripherals (CD-ROM, DVD, tape cartridge drives, ...)",10,hardware
2264,CDW 20/48/I,US,181,223,orderable,102060,-9,2,"CD-ROM drive: read 20x, write 48x (internal)",17,http://www.supp-102060.com/cat/hw/p2264.html,hardware7,"other peripherals (CD-ROM, DVD, tape cartridge drives, ...)",10,hardware
2266,DVD 12x,US,270,333,orderable,102099,1,3,DVD-ROM drive: speed 12x,17,http://www.supp-102099.com/cat/hw/p2266.html,hardware7,"other peripherals (CD-ROM, DVD, tape cartridge drives, ...)",10,hardware
2268,Modem - 56/H/E,US,67,77,obsolete,102068,1,1,"Standard Hayes compatible modem - 56kb per second, external. Power supply: 220V.",17,http://www.supp-102068.com/cat/hw/p2268.html,hardware7,"other peripherals (CD-ROM, DVD, tape cartridge drives, ...)",10,hardware
2270,Modem - 56/90/I,US,56,66,orderable,102068,1,1,"Modem - 56kb per second, v.90 PCI Global compliant. Internal, for standard chassis (3.5 inch).",17,http://www.supp-102068.com/cat/hw/p2270.html,hardware7,"other peripherals (CD-ROM, DVD, tape cartridge drives, ...)",10,hardware
2272,RAM - 16 MB,US,110,135,obsolete,102074,1,1,Memory SIMM: RAM - 16 MB capacity.,14,http://www.supp-102074.com/cat/hw/p2272.html,hardware4,memory components/upgrades,10,hardware
2274,RAM - 32 MB,US,135,161,orderable,102064,1,1,Memory SIMM: RAM - 32 MB capacity.,14,http://www.supp-102064.com/cat/hw/p2274.html,hardware4,memory components/upgrades,10,hardware
2276,SDRAM - 48 MB,US,215,269,orderable,102058,-9,1,"Memory SIMM: RAM - 48 MB. SDRAM can operate in burst mode. In burst mode, when a single data address is accessed, an entire block of data is retrieved rather than just the one piece. The assumption is that the next piece of data that will be requested will be sequential to the previous. Since this is usually the case, data is held readily available.",14,http://www.supp-102058.com/cat/hw/p2276.html,hardware4,memory components/upgrades,10,hardware
2278,Battery - NiHM,US,48,55,orderable,102078,-3,1,Rechargeable NiHM battery for laptop computers,19,http://www.supp-102078.com/cat/hw/p2278.html,hardware8,"miscellaneous hardware (cables, screws, power supplies ...)",10,hardware
2289,KB 101/ES,US,38,48,orderable,102055,1,1,Standard PC/AT Enhanced Keyboard (101/102-Key). Input locale: Spanish.,16,http://www.supp-102055.com/cat/hw/p2289.html,hardware6,"keyboards, mouses, mouse pads",10,hardware
2293,MB - S600,US,87,99,orderable,102086,2,2,"Motherboard, 600 Series.",15,http://www.supp-102086.com/cat/hw/p2293.html,hardware5,"processors, sound and video cards, network cards, motherboards",10,hardware
2299,PS 12V /P,US,64,76,orderable,102062,1,2,Power Supply - 12v portable,19,http://www.supp-102062.com/cat/hw/p2299.html,hardware8,"miscellaneous hardware (cables, screws, power supplies ...)",10,hardware
2302,Inkjet B/6,US,121,150,orderable,102096,2,3,"Inkjet Printer, black and white, 6 pages per minute, resolution 600x300 dpi. Interface: Centronics parallel, IEEE 1284 compliant. Dimensions (HxWxD): 7.3 x 17.5 x 14 inch. Paper size: A3, A4, US legal. No expansion slots.",12,http://www.supp-102096.com/cat/hw/p2302.html,hardware2,printers,10,hardware
2308,Video Card /E32,US,48,58,orderable,102087,-6,2,"3-D ELSA Video Card, with 32 MB memory.",15,http://www.supp-102087.com/cat/hw/p2308.html,hardware5,"processors, sound and video cards, network cards, motherboards",10,hardware
2311,PS 220V /L,US,79,95,orderable,102053,-9,2,"Power supply for laptop computers, 220V",19,http://www.supp-102053.com/cat/hw/p2311.html,hardware8,"miscellaneous hardware (cables, screws, power supplies ...)",10,hardware
2316,Screws <S.32.S>,US,19,22,orderable,102074,0,3,"Screws: Steel, size 32mm, straight. Plastic box, contents 500.",19,http://www.supp-102074.com/cat/hw/p2316.html,hardware8,"miscellaneous hardware (cables, screws, power supplies ...)",10,hardware
2319,Screws <Z.24.S>,US,21,25,orderable,102074,0,2,"Screws: Zinc, size 24mm, straight. Carton box, contents 500.",19,http://www.supp-102074.com/cat/hw/p2319.html,hardware8,"miscellaneous hardware (cables, screws, power supplies ...)",10,hardware
2322,Screws <Z.28.P>,US,18,23,orderable,102076,0,2,"Screws: Zinc, size 28 mm, Phillips head. Carton box, contents 850.",19,http://www.supp-102076.com/cat/hw/p2322.html,hardware8,"miscellaneous hardware (cables, screws, power supplies ...)",10,hardware
2323,Screws <B.32.P>,US,14,18,orderable,102071,0,3,"Screws: Brass, size 32mm, Phillips head. Plastic box, contents 400.",19,http://www.supp-102071.com/cat/hw/p2323.html,hardware8,"miscellaneous hardware (cables, screws, power supplies ...)",10,hardware
2326,Plastic Stock - Y,US,1,2,orderable,103093,0,1,"Plastic Stock - Yellow, standard quality.",39,http://www.supp-103093.com/cat/off/p2326.html,office4,miscellaneous office supplies,30,office equipment
2330,Plastic Stock - R,US,1,2,orderable,103093,0,1,"Plastic Stock - Red, standard quality.",39,http://www.supp-103093.com/cat/off/p2330.html,office4,miscellaneous office supplies,30,office equipment
2334,Resin,US,3,4,orderable,103087,0,2,General purpose synthetic resin.,39,http://www.supp-103087.com/cat/off/p2334.html,office4,miscellaneous office supplies,30,office equipment
2335,Mobile phone,US,83,100,orderable,103088,-5,1,"Dual band mobile phone with low battery consumption. Lightweight, foldable, with socket for single earphone and spare battery compartment.",31,http://www.supp-103088.com/cat/off/p2335.html,office1,"capitalizable assets (desks, chairs, phones ...)",30,office equipment
2336,Business Cards Box - 250,US,49,55,orderable,103091,0,1,"Business cards box, capacity 250. Use form BC110-2, Rev. 3/2000 (hardcopy or online) when ordering and complete all fields marked with an asterisk.",32,http://www.supp-103091.com/cat/off/p2336.html,office2,"office supplies for daily use (pencils, erasers, staples, ...)",30,office equipment
2337,Business Cards - 1000/2L,US,246,300,orderable,103091,0,1,"Business cards box, capacity 1000, 2-sided with different language on each side. Use form BC111-2, Rev. 12/1999 (hardcopy or online) when ordering - complete all fields marked with an asterisk and check box for second language (English is always on side 1).",32,http://www.supp-103091.com/cat/off/p2337.html,office2,"office supplies for daily use (pencils, erasers, staples, ...)",30,office equipment
2339,Paper - Std Printer,US,21,25,orderable,103095,0,3,"20 lb. 8.5x11 inch white laser printer paper (recycled), ten 500-sheet reams",32,http://www.supp-103095.com/cat/off/p2339.html,office2,"office supplies for daily use (pencils, erasers, staples, ...)",30,office equipment
2340,Chemicals - SW,US,59,72,orderable,103094,5,2,Cleaning Chemicals - 3500 staticide wipes,39,http://www.supp-103094.com/cat/off/p2340.html,office4,miscellaneous office supplies,30,office equipment
2350,Desk - W/48,US,2129,2500,orderable,103082,20,5,"Desk - 48 inch white laminate without return; capitalizable, taxable item.",31,http://www.supp-103082.com/cat/off/p2350.html,office1,"capitalizable assets (desks, chairs, phones ...)",30,office equipment
2351,Desk - W/48/R,US,2386,2900,orderable,103082,20,5,"Desk - 60 inch white laminate with 48 inch return; capitalizable, taxable item.",31,http://www.supp-103082.com/cat/off/p2351.html,office1,"capitalizable assets (desks, chairs, phones ...)",30,office equipment
2359,LCD Monitor 9/PM,US,206,249,orderable,102061,-3,3,Liquid Cristal Display 9 inch passive monitor. Enjoy the productivity that a small monitor can bring via more workspace on your desk. Easy setup with plug-and-play compatibility.,11,http://www.www.supp-102061.com/cat/hw/p2359.html,hardware1,monitors,10,hardware
2365,Chemicals - TCS,US,69,78,orderable,103094,5,3,Cleaning Chemical - 2500 transport cleaning sheets,39,http://www.supp-103094.com/cat/off/p2365.html,office4,miscellaneous office supplies,30,office equipment
2370,PS 220V /HS/FR,US,75,91,orderable,102053,-9,2,"220V hot swappable power supply, for France.",19,http://www.supp-102053.com/cat/hw/p2370.html,hardware8,"miscellaneous hardware (cables, screws, power supplies ...)",10,hardware
2371,C for SPNIX4.0 - Doc,US,119,146,orderable,103092,10,2,"C programming language documentation, SPNIX V4.0",25,http://www.supp-103092.com/cat/sw/p2371.html,software5,software development tools (including languages),20,software
2373,Cable RS232 10/AF,US,4,6,orderable,102055,1,2,10 ft RS232 cable with F/F and 9F/25F adapters,19,http://www.supp-102055.com/cat/hw/p2373.html,hardware8,"miscellaneous hardware (cables, screws, power supplies ...)",10,hardware
2374,Modem - C/100,US,54,65,orderable,102064,-5,2,DOCSIS/EURODOCSIS 1.0/1.1-compliant external cable modem,17,http://www.supp-102064.com/cat/hw/p2374.html,hardware7,"other peripherals (CD-ROM, DVD, tape cartridge drives, ...)",10,hardware
2375,GP 1024x768,US,69,78,orderable,102063,-9,1,"Graphics Processor, resolution 1024 X 768 pixels. Outstanding price/performance for 2D and 3D applications under SPNIX v3.3 and v4.0. Double your viewing power by running two monitors from this single card. Two 17 inch monitors have more screen area than one 21 inch monitor. Excellent option for users that multi-task frequently or access data from multiple sources often.",15,http://www.supp-102063.com/cat/hw/p2375.html,hardware5,"processors, sound and video cards, network cards, motherboards",10,hardware
2377,PS 110V HS/US,US,82,97,orderable,102062,1,2,110 V hot swappable power supply - US compatible,19,http://www.supp-102062.com/cat/hw/p2377.html,hardware8,"miscellaneous hardware (cables, screws, power supplies ...)",10,hardware
2378,DIMM - 128 MB,US,247,305,orderable,102050,-6,1,128 MB DIMM memory. The main reason for the change from SIMMs to DIMMs is to support the higher bus widths of 64-bit processors. DIMMs are 64- or 72-bits wide; SIMMs are only 32- or 36-bits wide (with parity).,14,http://www.supp-102050.com/cat/hw/p2378.html,hardware4,memory components/upgrades,10,hardware
2380,Cable PR/15/P,US,5,6,orderable,102055,-1,2,15 foot parallel printer cable,19,http://www.supp-102055.com/cat/hw/p2380.html,hardware8,"miscellaneous hardware (cables, screws, power supplies ...)",10,hardware
2381,CD-ROM 8x,US,82,99,obsolete,102052,-3,1,"CD Writer, read only, speed 8x",17,http://www.supp-102052.com/cat/hw/p2381.html,hardware7,"other peripherals (CD-ROM, DVD, tape cartridge drives, ...)",10,hardware
2382,HD 18.2GB@10000 /I,US,731,850,under development,102050,3,3,18.2 GB SCSI hard disk @ 10000 RPM (internal). Supra7 Universal disk drives provide an unequaled level of investment protection and simplification for customers by enabling drive compatibility across many enterprise platforms.,13,http://www.supp-102050.com/cat/hw/p2382.html,hardware3,harddisks,10,hardware
2384,DIMM - 1GB,US,479,599,under development,102074,-6,1,Memory DIMM: RAM - 1 GB capacity.,14,http://www.supp-102074.com/cat/hw/p2384.html,hardware4,memory components/upgrades,10,hardware
2387,PS 220V /FR,US,66,83,orderable,102053,1,2,220V Power supply type - France,19,http://www.supp-102053.com/cat/hw/p2387.html,hardware8,"miscellaneous hardware (cables, screws, power supplies ...)",10,hardware
2394,DIMM - 32MB,US,106,128,orderable,102054,-6,1,32 MB DIMM Memory upgrade,14,http://www.supp-102054.com/cat/hw/p2394.html,hardware4,memory components/upgrades,10,hardware
2395,32MB Cache /M,US,109,123,orderable,102093,-6,1,32MB Mirrored cache memory (100-MHz Registered SDRAM),14,http://www.supp-102093.com/cat/hw/p2395.html,hardware4,memory components/upgrades,10,hardware
2396,EDO - 32MB,US,149,179,orderable,102051,-6,1,"Memory EDO SIM: RAM, 32 MB (100-MHz Unregistered ECC SDRAM). Like FPM, EDO is available on SIMMs and DIMMs, in 3.3 and 5 volt varieties If EDO memory is installed in a computer that was not designed to support it, the memory may not work.",14,http://www.supp-102051.com/cat/hw/p2396.html,hardware4,memory components/upgrades,10,hardware
2400,DIMM - 512 MB,US,380,448,under development,102098,1,1,"512 MB DIMM memory. Improved memory upgrade granularity: Fewer DIMMs are required to upgrade a system than it would require if using SIMMs in the same system. Increased maximum memory ceilings: Given the same number of memory slots, the maximum memory of a system using DIMMs is more than one using SIMMs. DIMMs have separate contacts on each side of the board, which provide two times the data rate as one SIMM.",14,http://www.supp-102098.com/cat/hw/p2400.html,hardware4,memory components/upgrades,10,hardware
2402,CD-ROM 600/E/24x,US,113,127,orderable,102052,-9,2,600 MB external 24x speed CD-ROM drive (read only).,17,http://www.supp-102052.com/cat/hw/p2402.html,hardware7,"other peripherals (CD-ROM, DVD, tape cartridge drives, ...)",10,hardware
2403,CD-ROM 600/I/24x,US,103,117,orderable,102052,1,2,"600 MB internal read only CD-ROM drive, reading speed 24x",17,http://www.supp-102052.com/cat/hw/p2403.html,hardware7,"other peripherals (CD-ROM, DVD, tape cartridge drives, ...)",10,hardware
2404,64MB Cache /NM,US,180,221,orderable,102087,-6,1,"64 MB Non-mirrored cache memory. FPM memory chips are implemented on 5 volt SIMMs, but are also available on 3.3 volt DIMMs.",14,http://www.supp-102087.com/cat/hw/p2404.html,hardware4,memory components/upgrades,10,hardware
2406,64MB Cache /M,US,178,223,orderable,102059,-6,1,64MB Mirrored cache memory,14,http://www.supp-102059.com/cat/hw/p2406.html,hardware4,memory components/upgrades,10,hardware
2408,Cable PR/P/6,US,3,4,orderable,102055,-1,1,"Standard Centronics 6ft printer cable, parallel port",19,http://www.supp-102055.com/cat/hw/p2408.html,hardware8,"miscellaneous hardware (cables, screws, power supplies ...)",10,hardware
2409,TD 7GB/8,US,177,210,orderable,102054,-5,2,"Tape drive, 7GB capacity, 8mm cartridge tape.",17,http://www.supp-102054.com/cat/hw/p2409.html,hardware7,"other peripherals (CD-ROM, DVD, tape cartridge drives, ...)",10,hardware
2410,HD 8.4GB @5400,US,319,357,orderable,102061,3,2,8.4 GB hard disk @ 5400 RPM. Reduced cost of ownership: Drives can be utilized across enterprise platforms. This hot pluggable hard disk drive is required to meet your rigorous standards for reliability and performance.,13,http://www.supp-102061.com/cat/hw/p2410.html,hardware3,harddisks,10,hardware
2411,GP 1280x1024,US,78,98,orderable,102061,1,1,"Graphics Processor, resolution 1280 X 1024 pixels. High end 3D performance at a mid range price: 15 million Gouraud shaded triangles per second, Optimized 3D drivers for MCAD and DCC applications, with user-customizable settings. 64MB DDR SDRAM unified frame buffer supporting true color at all supported standard resolutions.",15,http://www.supp-102061.com/cat/hw/p2411.html,hardware5,"processors, sound and video cards, network cards, motherboards",10,hardware
2412,8MB EDO Memory,US,83,98,obsolete,102058,-6,1,"8 MB 8x32 EDO SIM memory. Extended Data Out memory differs from FPM in a small, but significant design change. Unlike FPM, the data output drivers for EDO remain on when the memory controller removes the column address to begin the next cycle. Therefore, a new data cycle can begin before the previous cycle has completed. EDO is available on SIMMs and DIMMs, in 3.3 and 5 volt varieties.",14,http://www.supp-102058.com/cat/hw/p2412.html,hardware4,memory components/upgrades,10,hardware
2414,HD 9.1GB @10000 /I,US,399,454,orderable,102098,5,3,"9.1 GB SCSI hard disk @ 10000 RPM (internal). Supra7 disk drives are available in 10,000 RPM spindle speeds and capacities of 18GB and 9.1 GB. SCSI and RS-232 interfaces.",13,http://www.supp-102098.com/cat/hw/p2414.html,hardware3,harddisks,10,hardware
2415,HD 9.1GB @7200,US,309,359,orderable,102063,5,3,9.1 GB hard disk @ 7200 RPM. Universal option kits are configured and pre-mounted in the appropriate hot plug tray for immediate installation into your corporate server or storage system.,13,http://www.supp-102063.com/cat/hw/p2415.html,hardware3,harddisks,10,hardware
2416,Client ISO CP - S,US,36,41,orderable,103088,0,1,ISO Communication Package add-on license for additional SPNIX V4.0 client.,29,http://www.supp-103088.com/cat/sw/p2416.html,software6,miscellaneous software,20,software
2417,Client ISO CP - V,US,27,33,orderable,103088,0,1,ISO Communication Package add-on license for additional Vision client.,29,http://www.supp-103088.com/cat/sw/p2417.html,software6,miscellaneous software,20,software
2418,Battery Backup (DA-130),US,52,61,orderable,102074,-3,1,Single-battery charger with LED indicators,19,http://www.supp-102074.com/cat/hw/p2418.html,hardware8,"miscellaneous hardware (cables, screws, power supplies ...)",10,hardware
2419,Battery Backup (DA-290),US,60,72,orderable,102074,-3,1,Two-battery charger with LED indicators,19,http://www.supp-102074.com/cat/hw/p2419.html,hardware8,"miscellaneous hardware (cables, screws, power supplies ...)",10,hardware
2422,SPNIX4.0 - SAL,US,130,150,orderable,103092,1,1,"Operating System Software: SPNIX V4.0 - Additional system administrator license, including network access.",24,http://www.supp-103092.com/cat/sw/p2422.html,software4,operating systems,20,software
2423,C for SPNIX4.0 - 1 Seat,US,73,84,orderable,103092,-6,1,C programming software for SPNIX V4.0 - single user,25,http://www.supp-103092.com/cat/sw/p2423.html,software5,software development tools (including languages),20,software
2424,CDW 12/24,US,198,221,orderable,102075,-6,2,"CD Writer, speed 12x write, 24x read. Warning: will become obsolete very soon; this speed is not high enough anymore, and better alternatives are available for a reasonable price.",17,http://www.supp-102075.com/cat/hw/p2424.html,hardware7,"other peripherals (CD-ROM, DVD, tape cartridge drives, ...)",10,hardware
2430,Compact 400/LQ,US,143,175,orderable,102087,2,4,"400 characters per second high-speed letter-quality printer. Dimensions (HxWxD): 12.37 x 27.96 x 23.92 inch. Interface: RS-232 serial (25-pin), 3 expansion slots. Paper size: A2, A3, A4.",12,http://www.supp-102087.com/cat/hw/p2430.html,hardware2,printers,10,hardware
2439,CPU D400,US,105,123,orderable,102092,3,1,Dual CPU @ 400Mhz. Good price/performance ratio; for mid-size LAN file servers (up to 100 concurrent users).,15,http://www.supp-102092.com/cat/hw/p2439.html,hardware5,"processors, sound and video cards, network cards, motherboards",10,hardware
2449,OSI 1-4/IL,US,72,83,orderable,103088,0,1,OSI Layer 1 to 4 - Incremental License,29,http://www.supp-103088.com/cat/sw/p2449.html,software6,miscellaneous software,20,software
2452,SPNIX4.0 - DL,US,88,100,orderable,103092,1,1,Operating System Software: SPNIX V4.0 - Additional developer license.,24,http://www.supp-103092.com/cat/sw/p2452.html,software4,operating systems,20,software
2453,Inkjet C/4,US,174,195,orderable,102090,2,3,"Inkjet Printer, color (with two separate ink cartridges), 6 pages per minute black and white, 4 pages per minute color, resolution 600x300 dpi. Interface: Biodirectional IEEE 1284 compliant parallel interface and RS-232 serial (9-pin) interface 2 open EIO expansion slots. Memory: 8MB 96KB receiver buffer.",12,http://www.supp-102090.com/cat/hw/p2453.html,hardware2,printers,10,hardware
2457,Cable PR/S/6,US,4,5,orderable,102055,-1,1,"Standard RS232 serial printer cable, 6 feet",19,http://www.supp-102055.com/cat/hw/p2457.html,hardware8,"miscellaneous hardware (cables, screws, power supplies ...)",10,hardware
2459,LaserPro 1200/8/BW,US,568,699,under development,102099,3,5,"Professional black and white laserprinter, resolution 1200 dpi, 8 pages per second. Dimensions (HxWxD): 22.37 x 19.86 x 21.92 inch. Software: Enhanced driver support for SPNIX v4.0; MS-DOS Built-in printer drivers: ZoomSmart scaling technology, billboard, handout, mirror, watermark, print preview, quick sets, emulate laserprinter margins.",12,http://www.supp-102099.com/cat/hw/p2459.html,hardware2,printers,10,hardware
2462,SPNIX4.0 - UL/N,US,71,80,orderable,103092,1,1,Operating System Software: SPNIX V4.0 - Additional user license with network access.,24,http://www.supp-103092.com/cat/sw/p2462.html,software4,operating systems,20,software
2464,SPNIX4.0 - UL/A,US,62,70,orderable,103092,1,1,Operating System Software: SPNIX V4.0 - Additional user license class A.,24,http://www.supp-103092.com/cat/sw/p2464.html,software4,operating systems,20,software
2467,SPNIX4.0 - UL/D,US,64,80,orderable,103092,1,1,Operating System Software: SPNIX V4.0 - Additional user license class D.,24,http://www.supp-103092.com/cat/sw/p2467.html,software4,operating systems,20,software
2468,SPNIX4.0 - UL/C,US,67,75,orderable,103092,1,1,Operating System Software: SPNIX V4.0 - Additional user license class C.,24,http://www.supp-103092.com/cat/sw/p2468.html,software4,operating systems,20,software
2470,SPNIX4.0 - NL,US,70,80,orderable,103092,1,1,Operating System Software: SPNIX V4.0 - Additional network access license.,24,http://www.supp-103092.com/cat/sw/p2470.html,software4,operating systems,20,software
2471,SPNIX3.3 SU,US,439,500,orderable,103092,1,1,Operating System Software: SPNIX V3.3 - Base Server License Upgrade to V4.0.,24,http://www.supp-103092.com/cat/sw/p2471.html,software4,operating systems,20,software
2492,SPNIX3.3 AU,US,38,45,orderable,103092,1,1,Operating System Software: SPNIX V3.3 - V4.0 upgrade; class A user.,24,http://www.supp-103092.com/cat/sw/p2492.html,software4,operating systems,20,software
2493,SPNIX3.3 C/DU,US,22,25,orderable,103092,1,1,Operating System Software: SPNIX V3.3 - V4.0 upgrade; class C or D user.,24,http://www.supp-103092.com/cat/sw/p2493.html,software4,operating systems,20,software
2494,SPNIX3.3 NU,US,20,25,orderable,103092,1,1,Operating System Software: SPNIX V3.3 - V4.0 upgrade; network access license.,24,http://www.supp-103092.com/cat/sw/p2494.html,software4,operating systems,20,software
2496,WSP DA-130,US,244,299,planned,102067,0,2,Wide storage processor DA-130 for storage subunits.,15,http://www.supp-102067.com/cat/hw/p2496.html,hardware5,"processors, sound and video cards, network cards, motherboards",10,hardware
2497,WSP DA-290,US,355,399,planned,102053,0,3,Wide storage processor (model DA-290).,15,http://www.supp-102053.com/cat/hw/p2497.html,hardware5,"processors, sound and video cards, network cards, motherboards",10,hardware
2522,Battery - EL,US,39,44,orderable,102078,-3,2,"Extended life battery, for laptop computers",19,http://www.supp-102078.com/cat/hw/p2522.html,hardware8,"miscellaneous hardware (cables, screws, power supplies ...)",10,hardware
2536,Business Cards - 250/2L,US,68,80,orderable,103091,0,1,"Business cards box, capacity 250, 2-sided with different language on each side. Use form BC111-2, Rev. 12/1999 (hardcopy or online) when ordering - complete all fields marked with an asterisk and check box for second language (English is always on side 1).",32,http://www.supp-103091.com/cat/off/p2536.html,office2,"office supplies for daily use (pencils, erasers, staples, ...)",30,office equipment
2537,Business Cards Box - 1000,US,176,200,orderable,103091,0,1,"Business cards box, capacity 1000. Use form BC110-3, Rev. 3/2000 (hardcopy or online) when ordering and complete all fields marked with an asterisk.",32,http://www.supp-103091.com/cat/off/p2537.html,office2,"office supplies for daily use (pencils, erasers, staples, ...)",30,office equipment
2594,FG Stock - L,US,7,9,orderable,103098,0,2,"Fiberglass Stock - light weight for internal heat shielding, 1/4 thick",39,http://www.supp-103098.com/cat/off/p2594.html,office4,miscellaneous office supplies,30,office equipment
2596,SS Stock - 1mm,US,10,12,orderable,103098,0,2,"Stainless steel stock - 3mm. Can be predrilled for standard model motherboard and battery holders. Please use appropriate template to identify model number, placement, and size of finished sheet when placing order for drilled sheet.",39,http://www.supp-103098.com/cat/off/p2596.html,office4,miscellaneous office supplies,30,office equipment
2631,ESD Bracelet/QR,US,12,15,orderable,103085,-5,1,"Electro Static Discharge Bracelet: 2 piece lead with quick release connector. One piece stays permanently attached to computer chassis with screw, the other is attached to the bracelet. Additional permanent ends available.",39,http://www.supp-103085.com/cat/off/p2631.html,office4,miscellaneous office supplies,30,office equipment
2638,Envoy DS/E,US,111,137,orderable,102060,2,3,Enhanced Envoy Docking Station,19,http://www.supp-102060.com/cat/hw/p2638.html,hardware8,"miscellaneous hardware (cables, screws, power supplies ...)",10,hardware
2721,PC Bag - L/S,US,70,87,orderable,103095,1,2,"Black Leather Computer Case - single laptop capacity with pockets for manuals, additional hardware, and work papers. Adjustable protective straps and removable pocket for power supply and cables.",39,http://www.supp-103095.com/cat/off/p2721.html,office4,miscellaneous office supplies,30,office equipment
2722,PC Bag - L/D,US,99,112,orderable,103095,1,2,Black Leather Computer Case - double laptop capacity with pockets for additional hardware or manuals and work papers. Adjustable protective straps and removable pockets for power supplies and cables. Double wide shoulder strap for comfort.,39,http://www.supp-103095.com/cat/off/p2722.html,office4,miscellaneous office supplies,30,office equipment
2725,Machine Oil,US,3,4,orderable,103098,0,1,Machine Oil for Lubrication of CD-ROM drive doors and slides. Self-cleaning adjustable nozzle for fine to medium flow.,39,http://www.supp-103098.com/cat/off/p2725.html,office4,miscellaneous office supplies,30,office equipment
2751,MB - S450,US,54,66,orderable,102072,1,2,"PC type motherboard, 450 Series.",15,http://www.supp-102072.com/cat/hw/p2751.html,hardware5,"processors, sound and video cards, network cards, motherboards",10,hardware
2752,MB - S550,US,76,88,orderable,102086,-5,2,PC type motherboard for the 550 Series.,15,http://www.supp-102086.com/cat/hw/p2752.html,hardware5,"processors, sound and video cards, network cards, motherboards",10,hardware
2761,Mouse +WP/CL,US,23,27,planned,102099,-5,1,"Set consisting of a mouse and wrist pad, with corporate logo",16,http://www.supp-102099.com/cat/hw/p2761.html,hardware6,"keyboards, mouses, mouse pads",10,hardware
2779,Desk - OS/O/F,US,3347,3980,orderable,103082,25,5,"Executive-style oversized oak desk with file drawers. Final finish is customizable when ordered, light or dark oak stain, or natural hand rubbed clear.",31,http://www.supp-103082.com/cat/off/p2779.html,office1,"capitalizable assets (desks, chairs, phones ...)",30,office equipment
2782,PC Bag - C/S,US,50,62,orderable,103095,-6,2,"Canvas Computer Case - single laptop capacity with pockets for manuals, additional hardware, and work papers. Adjustable protective straps and removable pocket for power supply and cables. Outside pocket with snap closure for easy access while travelling.",39,http://www.supp-103095.com/cat/off/p2782.html,office4,miscellaneous office supplies,30,office equipment
2783,Clips - Paper,US,8,10,orderable,103080,0,2,"World brand paper clips set the standard for quality.10 boxes with 100 clips each. #1 regular or jumbo, smooth or non-skid.",32,http://www.supp-103080.com/cat/off/p2783.html,office2,"office supplies for daily use (pencils, erasers, staples, ...)",30,office equipment
2808,Paper Tablet LY 8 1/2 x 11,US,0,1,orderable,103098,0,1,"Paper Tablet, Lined, Yellow, size 8 1/2 x 11 inch",32,http://www.supp-103098.com/cat/off/p2808.html,office2,"office supplies for daily use (pencils, erasers, staples, ...)",30,office equipment
2810,Inkvisible Pens,US,4,6,orderable,103095,0,1,"Rollerball pen is equipped with a smooth precision tip. See-through rubber grip allows for a visible ink supply and comfortable writing. 4-pack with 1 each, black, blue, red, green.",32,http://www.supp-103095.com/cat/off/p2810.html,office2,"office supplies for daily use (pencils, erasers, staples, ...)",30,office equipment
2870,Pencil - Mech,US,4,5,orderable,103097,2,1,Ergonomically designed mechanical pencil for improved writing comfort. Refillable erasers and leads. Available in three lead sizes: .5mm (fine)); .7mm (medium)); and .9mm (thick).,32,http://www.supp-103097.com/cat/off/p2870.html,office2,"office supplies for daily use (pencils, erasers, staples, ...)",30,office equipment
2878,Router - ASR/2W,US,305,345,orderable,102063,-9,3,Special ALS Router - Approved Supplier required item with 2-way match,19,http://www.supp-102063.com/cat/hw/p2878.html,hardware8,"miscellaneous hardware (cables, screws, power supplies ...)",10,hardware
2879,Router - ASR/3W,US,384,456,orderable,102063,-9,3,Special ALS Router - Approved Supplier required item with 3-way match,19,http://www.supp-102063.com/cat/hw/p2879.html,hardware8,"miscellaneous hardware (cables, screws, power supplies ...)",10,hardware
2944,Wrist Pad /CL,US,2,3,under development,102063,1,1,Wrist Pad with corporate logo,16,http://www.supp-102063.com/cat/hw/p2944.html,hardware6,"keyboards, mouses, mouse pads",10,hardware
2976,Drive Mount - D,US,44,52,orderable,102057,1,2,Drive Mount for desktop PC,19,http://www.supp-102057.com/cat/hw/p2976.html,hardware8,"miscellaneous hardware (cables, screws, power supplies ...)",10,hardware
2982,Drive Mount - A,US,35,44,orderable,102057,-1,2,Drive Mount assembly kit,19,http://www.supp-102057.com/cat/hw/p2982.html,hardware8,"miscellaneous hardware (cables, screws, power supplies ...)",10,hardware
2986,Manual - Vision OS/2x +,US,111,125,orderable,103095,0,3,Manuals for Vision Operating System V 2.x and Vision Office Suite,33,http://www.supp-103095.com/cat/off/p2986.html,office3,"manuals, other books",30,office equipment
2995,SPNIX3.3 SAU,US,62,70,orderable,103092,1,1,Operating System Software: SPNIX V3.3 - V4.0 upgrade; system administrator license.,24,http://www.supp-103092.com/cat/sw/p2995.html,software4,operating systems,20,software
2999,Laptop 16/8/110,US,800,999,obsolete,102060,-5,3,"Envoy Laptop, 16MB memory, 8GB hard disk, 110V power supply (US only).",19,http://www.supp-102060.com/cat/hw/p2999.html,hardware8,"miscellaneous hardware (cables, screws, power supplies ...)",10,hardware
3000,Laptop 32/10/56,US,1542,1749,orderable,102060,-5,4,"Envoy Laptop, 32MB memory, 10GB hard disk, 56K Modem, universal power supply (switchable).",19,http://www.supp-102060.com/cat/hw/p3000.html,hardware8,"miscellaneous hardware (cables, screws, power supplies ...)",10,hardware
3001,Laptop 48/10/56/110,US,2073,2556,obsolete,102060,-5,4,"Envoy Laptop, 48MB memory, 10GB hard disk, 56K modem, 110V power supply.",19,http://www.supp-102060.com/cat/hw/p3001.html,hardware8,"miscellaneous hardware (cables, screws, power supplies ...)",10,hardware
3003,Laptop 128/12/56/v90/110,US,2606,3219,orderable,102060,-5,4,"Envoy Laptop, 128MB memory, 12GB hard disk, v90 modem, 110V power supply.",19,http://www.supp-102060.com/cat/hw/p3003.html,hardware8,"miscellaneous hardware (cables, screws, power supplies ...)",10,hardware
3004,Laptop 64/10/56/220,US,2275,2768,orderable,102060,-5,4,"Envoy Laptop, 64MB memory, 10GB hard disk, 56K modem, 220V power supply.",19,http://www.supp-102060.com/cat/hw/p3004.html,hardware8,"miscellaneous hardware (cables, screws, power supplies ...)",10,hardware
3020,Envoy IC,US,366,449,orderable,102060,1,4,"Envoy Internet Computer, Plug&Play",19,http://www.supp-102060.com/cat/hw/p3020.html,hardware8,"miscellaneous hardware (cables, screws, power supplies ...)",10,hardware
3051,Pens - 10/MP,US,10,12,orderable,103097,0,1,"Permanent ink pen dries quickly and is smear resistant. Provides smooth, skip-free writing. Medium point. Single color boxes (black, blue, red) or assorted box (6 black, 3 blue, and 1 red).",32,http://www.supp-103097.com/cat/off/p3051.html,office2,"office supplies for daily use (pencils, erasers, staples, ...)",30,office equipment
3054,Plasma Monitor 10/XGA,US,519,600,orderable,102060,1,3,"10 inch standard plasma monitor, XGA resolution. This virtually-flat, high-resolution screen delivers outstanding image quality with reduced glare.",11,http://www.supp-102060.com/cat/hw/p3054.html,hardware1,monitors,10,hardware
3057,Monitor 17/SD,US,320,369,orderable,102055,-6,4,"CRT Monitor 17 inch (16 viewable) short depth. Delivers outstanding image clarity and precision. Gives professional color, technical engineering, and visualization/animation users the color fidelity they demand, plus a large desktop for enhanced productivity.",11,http://www.supp-102055.com/cat/hw/p3057.html,hardware1,monitors,10,hardware
3060,Monitor 17/HR,US,250,299,orderable,102081,-6,4,"CRT Monitor 17 inch (16 viewable) high resolution. Exceptional image performance and the benefit of additional screen space. This monitor offers sharp, color-rich monitor performance at an incredible value. With a host of leading features, including on-screen display controls.",11,http://www.supp-102081.com/cat/hw/p3060.html,hardware1,monitors,10,hardware
3061,Monitor 19/SD,US,437,499,orderable,102094,-9,5,"CRT Monitor 19 inch (18 viewable) short depth. High-contrast black screen coating: produces superior contrast and grayscale performance. The newly designed, amplified professional speakers with dynamic bass response bring all of your multimedia audio experiences to life with crisp, true-to-life sound and rich, deep bass tones. Plus, color-coded cables, simple plug-and-play setup and digital on-screen controls mean you are ready to set your sights on outrageous multimedia and the incredible Internet in just minutes.",11,http://www.supp-102094.com/cat/hw/p3061.html,hardware1,monitors,10,hardware
3064,Monitor 21/SD,US,909,1023,planned,102096,-5,5,"Monitor 21 inch (20 viewable) short depth. Features include a 0.25-0.28 Aperture Grille Pitch, resolution support up to 1920 x 1200 at 76Hz, on-screen displays, and a conductive anti-reflective film coating.",11,http://www.supp-102096.com/cat/hw/p3064.html,hardware1,monitors,10,hardware
3065,Monitor 21/D,US,875,999,orderable,102051,1,5,CRT Monitor 21 inch (20 viewable). Digital OptiScan technology: supports resolutions up to 1600 x 1200 at 75Hz. Dimensions (HxWxD): 8.3 x 18.5 x 15 inch. The detachable or attachable monitor-powered Platinum Series speakers offer crisp sound and the convenience of a digital audio player jack. Just plug in your digital audio player and listen to tunes without powering up your PC.,11,http://www.supp-102051.com/cat/hw/p3065.html,hardware1,monitors,10,hardware
3069,HD 10GB /S,US,350,436,obsolete,102051,2,1,"10GB hard disk drive for Standard Mount. Backward compatible with Supra5 systems, users are free to deploy and re-deploy these drives to quickly deliver increased storage capacity. Supra drives eliminate the risk of firmware incompatibility.",13,http://www.supp-102051.com/cat/hw/p3069.html,hardware3,harddisks,10,hardware
3071,HD 12GB /S,US,553,633,orderable,102071,3,1,12GB hard disk drive for Standard Mount. Supra9 hot pluggable hard disk drives provide the ability to install or remove drives on-line. Our hot pluggable hard disk drives are required to meet our rigorous standards for reliability and performance.,13,http://www.supp-102071.com/cat/hw/p3071.html,hardware3,harddisks,10,hardware
3072,HD 12GB /N,US,507,567,orderable,102061,3,1,12GB hard disk drive for Narrow Mount. Supra9 hot pluggable hard disk drives provide the ability to install or remove drives on-line. Our hot pluggable hard disk drives are required to meet our rigorous standards for reliability and performance.,13,http://www.supp-102061.com/cat/hw/p3072.html,hardware3,harddisks,10,hardware
3073,HD 6GB /I,US,197,224,obsolete,102072,5,2,6GB capacity hard disk drive (internal). Supra drives eliminate the risk of firmware incompatibility.,13,http://www.supp-102083.com/cat/hw/p3073.html,hardware3,harddisks,10,hardware
3077,DVD 8x,US,237,274,orderable,102099,1,3,"DVD - ROM drive, 8x speed. Will probably become obsolete pretty soon...",17,http://www.supp-102099.com/cat/hw/p3077.html,hardware7,"other peripherals (CD-ROM, DVD, tape cartridge drives, ...)",10,hardware
3082,Modem - 56/90/E,US,72,81,orderable,102068,1,1,"Modem - 56kb per second, v.90 PCI Global compliant. External; for power supply 110V.",17,http://www.supp-102068.com/cat/hw/p3082.html,hardware7,"other peripherals (CD-ROM, DVD, tape cartridge drives, ...)",10,hardware
3083,Modem - 56/H/I,US,56,67,orderable,102068,1,1,"Standard Hayes modem - 56kb per second, internal, for  standard 3.5 inch chassis.",17,http://www.supp-102068.com/cat/hw/p3083.html,hardware7,"other peripherals (CD-ROM, DVD, tape cartridge drives, ...)",10,hardware
3086,VRAM - 16 MB,US,186,211,orderable,102056,-6,1,Citrus Video RAM module - 16 MB capacity. VRAM is used by the video system in a computer to store video information and is reserved exclusively for video operations. It was developed to provide continuous streams of serial data for refreshing video screens.,14,http://www.supp-102056.com/cat/hw/p3086.html,hardware4,memory components/upgrades,10,hardware
3087,DIMM - 16 MB,US,99,124,obsolete,102081,-6,1,Citrus OLX DIMM - 16 MB capacity.,14,http://www.supp-102081.com/cat/hw/p3087.html,hardware4,memory components/upgrades,10,hardware
3088,SDRAM - 32 MB,US,220,258,orderable,102057,-9,1,SDRAM module with ECC - 32 MB capacity. SDRAM has multiple memory banks that can work simultaneously. Switching between banks allows for a continuous data flow.,14,http://www.supp-102057.com/cat/hw/p3088.html,hardware4,memory components/upgrades,10,hardware
3090,RAM - 48 MB,US,170,193,orderable,102084,1,1,"Random Access Memory, SIMM - 48 MB capacity.",14,http://www.supp-102084.com/cat/hw/p3090.html,hardware4,memory components/upgrades,10,hardware
3091,VRAM - 64 MB,US,243,279,orderable,102098,-6,1,"Citrus Video RAM memory module - 64 MB capacity. Physically, VRAM looks just like DRAM with added hardware called a shift register. The special feature of VRAM is that it can transfer one entire row of data (up to 256 bits) into this shift register in a single clock cycle. This ability significantly reduces retrieval time, since the number of fetches is reduced from a possible 256 to a single fetch. The main benefit of having a shift register available for data dumps is that it frees the CPU to refresh the screen rather than retrieve data, thereby doubling the data bandwidth. For this reason, VRAM is often referred to as being dual-ported. However, the shift register will only be used when the VRAM chip is given special instructions to do so. The command to use the shift register is built into the graphics controller.",14,http://www.supp-102098.com/cat/hw/p3091.html,hardware4,memory components/upgrades,10,hardware
3097,Cable Connector - 32R,US,2,3,orderable,102055,0,1,Cable Connector - 32 pin ribbon,19,http://www.supp-102055.com/cat/hw/p3097.html,hardware8,"miscellaneous hardware (cables, screws, power supplies ...)",10,hardware
3099,Cable Harness,US,3,4,orderable,102055,0,1,Cable harness to organize and bundle computer wiring,19,http://www.supp-102055.com/cat/hw/p3099.html,hardware8,"miscellaneous hardware (cables, screws, power supplies ...)",10,hardware
3101,IC Browser - V,US,67,75,orderable,103086,-1,2,IC Web Browser for Vision with manual. Browser with network mail capability.,29,http://www.supp-103086.com/cat/sw/p3101.html,software6,miscellaneous software,20,software
3106,KB 101/EN,US,41,48,orderable,102066,1,1,Standard PC/AT Enhanced Keyboard (101/102-Key). Input locale: English (US).,16,http://www.supp-102066.com/cat/hw/p3106.html,hardware6,"keyboards, mouses, mouse pads",10,hardware
3108,KB E/EN,US,63,78,orderable,102055,2,2,"Ergonomic Keyboard with two separate key areas, detachable numeric pad. Key layout: English (US).",16,http://www.supp-102055.com/cat/hw/p3108.html,hardware6,"keyboards, mouses, mouse pads",10,hardware
3110,KB 101/FR,US,39,48,orderable,102055,1,1,Standard PC/AT Enhanced Keyboard (101/102-Key). Input locale: French.,16,http://www.supp-102055.com/cat/hw/p3110.html,hardware6,"keyboards, mouses, mouse pads",10,hardware
3112,MB - S500,US,66,77,orderable,102086,-5,2,"PC type motherboard, 500 Series.",15,http://www.supp-102086.com/cat/hw/p3112.html,hardware5,"processors, sound and video cards, network cards, motherboards",10,hardware
3114,MB - S900/650+,US,88,101,under development,102086,0,3,"PC motherboard, 900 Series; standard motherboard for all models 650 and up.",15,http://www.supp-102086.com/cat/hw/p3114.html,hardware5,"processors, sound and video cards, network cards, motherboards",10,hardware
3117,Mouse C/E,US,35,41,orderable,102099,1,1,"Ergonomic, cordless mouse. With track-ball for maximum comfort and ease of use.",16,http://www.supp-102099.com/cat/hw/p3117.html,hardware6,"keyboards, mouses, mouse pads",10,hardware
3123,PS 220V /D,US,65,81,orderable,102062,1,2,"Standard power supply, 220V, for desktop computers.",19,http://www.supp-102062.com/cat/hw/p3123.html,hardware8,"miscellaneous hardware (cables, screws, power supplies ...)",10,hardware
3124,PS 110V /T,US,70,84,orderable,102062,1,2,"Power supply for tower PC, 110V",19,http://www.supp-102062.com/cat/hw/p3124.html,hardware8,"miscellaneous hardware (cables, screws, power supplies ...)",10,hardware
3127,LaserPro 600/6/BW,US,444,498,orderable,102087,3,4,"Standard black and white laserprinter, resolution 600 dpi, 6 pages per second. Interface: Centronics parallel, IEEE 1284 compliant. Memory: 8MB 96KB receiver buffer. MS-DOS ToolBox utilities for SPNIX AutoCAM v.17 compatible driver.",12,http://www.supp-102087.com/cat/hw/p3127.html,hardware2,printers,10,hardware
3129,Sound Card STD,US,39,46,orderable,102090,-6,1,"Sound Card - standard version, with MIDI interface, line in/out, low impedance microphone input.",15,http://www.supp-102090.com/cat/hw/p3129.html,hardware5,"processors, sound and video cards, network cards, motherboards",10,hardware
3133,Video Card /32,US,41,48,orderable,102076,-6,2,"Video Card, with 32MB cache memory.",15,http://www.supp-102076.com/cat/hw/p3133.html,hardware5,"processors, sound and video cards, network cards, motherboards",10,hardware
3134,Screws <B.32.S>,US,15,18,orderable,102071,0,3,"Screws: Brass, size 32mm, straight. Plastic box, contents 400.",19,http://www.supp-102071.com/cat/hw/p3134.html,hardware8,"miscellaneous hardware (cables, screws, power supplies ...)",10,hardware
3139,Screws <S.16.S>,US,17,21,orderable,102071,0,2,"Screws: Steel, size 16 mm, straight. Carton box, contents 750.",19,http://www.supp-102071.com/cat/hw/p3139.html,hardware8,"miscellaneous hardware (cables, screws, power supplies ...)",10,hardware
3140,Screws <Z.16.S>,US,19,24,orderable,102074,0,2,"Screws: Zinc, length 16mm, straight. Carton box, contents 750.",19,http://www.supp-102074.com/cat/hw/p3140.html,hardware8,"miscellaneous hardware (cables, screws, power supplies ...)",10,hardware
3143,Screws <B.28.S>,US,13,16,orderable,102071,0,2,"Screws: Brass, size 28mm, straight. Plastic box, contents 500.",19,http://www.supp-102071.com/cat/hw/p3143.html,hardware8,"miscellaneous hardware (cables, screws, power supplies ...)",10,hardware
3150,Card Holder - 25,US,15,18,orderable,103089,-6,1,"Card Holder; heavy plastic business card holder with embossed corporate logo. Holds about 25 of your business cards, depending on card thickness.",32,http://www.supp-103089.com/cat/off/p3150.html,office2,"office supplies for daily use (pencils, erasers, staples, ...)",30,office equipment
3155,Monitor Hinge - HD,US,42,49,orderable,102092,10,4,"Monitor Hinge, heavy duty, maximum monitor weight 30 kg",11,http://www.supp-102092.com/cat/hw/p3155.html,hardware1,monitors,10,hardware
3163,Manual - Vision Net6.3/US,US,29,35,orderable,103083,0,2,Vision Networking V6.3 Reference Manual. US version with advanced encryption.,33,http://www.supp-103083.com/cat/off/p3163.html,office3,"manuals, other books",30,office equipment
3165,Manual - Vision Tools2.0,US,34,40,orderable,103083,0,2,"Vision Business Tools Suite V2.0 Reference Manual. Includes installation, configuration, and user guide.",33,http://www.supp-103083.com/cat/off/p3165.html,office3,"manuals, other books",30,office equipment
3167,Manual - Vision OS/2.x,US,47,55,orderable,103083,0,2,"Vision Operating System V2.0/2.1/2/3 Reference Manual. Complete installation, configuration, management, and tuning information for Vision system administration. Note that this manual replaces the individual Version 2.0 and 2.1 manuals.",33,http://www.supp-103083.com/cat/off/p3167.html,office3,"manuals, other books",30,office equipment
3170,Smart Suite - V/SP,US,132,161,orderable,103089,-6,2,"Office Suite (SmartWrite, SmartArt, SmartSpread, SmartBrowse) for Vision. Spanish language software and user manuals.",29,http://www.supp-103089.com/cat/sw/p3170.html,software6,miscellaneous software,20,software
3171,Smart Suite - S3.3/EN,US,120,148,orderable,103089,-6,2,"Office Suite (SmartWrite, SmartArt, SmartSpread, SmartBrowse) for SPNIX Version 3.3. English language software and user manuals.",29,http://www.supp-103089.com/cat/sw/p3171.html,software6,miscellaneous software,20,software
3172,Graphics - DIK+,US,34,42,orderable,103094,-1,1,"Software Kit Graphics: Draw-It Kwik-Plus. Includes extensive clip art files and advanced drawing tools for 3-D object manipulation, variable shading, and extended character fonts.",29,http://www.supp-103094.com/cat/sw/p3172.html,software6,miscellaneous software,20,software
3173,Graphics - SA,US,72,86,orderable,103094,-1,1,"Software Kit Graphics: SmartArt. Professional graphics package for SPNIX with multiple line styles, textures, built-in shapes and common symbols.",29,http://www.supp-103094.com/cat/sw/p3173.html,software6,miscellaneous software,20,software
3175,Project Management - S4.0,US,32,37,orderable,103089,-1,1,"Project Management Software, for SPNIX V4.0. Software includes command line and graphical interface with text, graphic, spreadsheet, and customizable report formats.",29,http://www.supp-103089.com/cat/sw/p3175.html,software6,miscellaneous software,20,software
3176,Smart Suite - V/EN,US,103,120,orderable,103089,-6,2,"Office Suite (SmartWrite, SmartArt, SmartSpread, SmartBrowse) for Vision. English language software and user manuals.",29,http://www.supp-103089.com/cat/sw/p3176.html,software6,miscellaneous software,20,software
3177,Smart Suite - V/FR,US,102,120,orderable,103089,-6,2,"Office Suite (SmartWrite, SmartArt, SmartSpread, SmartBrowse) for Vision. French language software and user manuals.",29,http://www.supp-103089.com/cat/sw/p3177.html,software6,miscellaneous software,20,software
3178,Spreadsheet - SSP/V 2.0,US,37,45,orderable,103080,-1,2,"SmartSpread Spreadsheet, Professional Edition Version 2.0, for Vision Release 11.1 and 11.2. Shrink wrap includes CD-ROM containing advanced software and online documentation, plus printed manual, tutorial, and license registration.",21,http://www.supp-103080.com/cat/sw/p3178.html,software1,spreadsheet software,20,software
3179,Spreadsheet - SSS/S 2.1,US,44,50,orderable,103080,-1,2,"SmartSpread Spreadsheet, Standard Edition Version 2.1, for SPNIX Release 4.0. Shrink wrap includes CD-ROM containing software and online documentation, plus printed manual and license registration.",21,http://www.supp-103080.com/cat/sw/p3179.html,software1,spreadsheet software,20,software
3182,Word Processing - SWP/V 4.5,US,54,65,orderable,103093,-3,2,"SmartWord Word Processor, Professional Edition Version 4.5, for Vision Release 11.x. Shrink wrap includes CD-ROM, containing advanced software, printed manual, and license registration.",22,http://www.supp-103093.com/cat/sw/p3182.html,software2,word processing software,20,software
3183,Word Processing - SWS/V 4.5,US,40,50,orderable,103093,-1,2,"SmartWord Word Processor, Standard Edition Version 4.5, for Vision Release 11.x. Shrink wrap includes CD-ROM and license registration.",22,http://www.supp-103093.com/cat/sw/p3183.html,software2,word processing software,20,software
3187,Plastic Stock - B/HD,US,2,3,orderable,103095,0,1,"Plastic Stock - Blue, high density.",39,http://www.supp-103095.com/cat/off/p3187.html,office4,miscellaneous office supplies,30,office equipment
3189,Plastic Stock - G,US,1,2,orderable,103095,0,1,"Plastic Stock - Green, standard density.",39,http://www.supp-103095.com/cat/off/p3189.html,office4,miscellaneous office supplies,30,office equipment
3191,Plastic Stock - O,US,1,2,orderable,103095,0,1,"Plastic Stock - Orange, standard density.",39,http://www.supp-103095.com/cat/off/p3191.html,office4,miscellaneous office supplies,30,office equipment
3193,Plastic Stock - W/HD,US,2,3,orderable,103095,0,1,"Plastic Stock - White, high density.",39,http://www.supp-103095.com/cat/off/p3193.html,office4,miscellaneous office supplies,30,office equipment
3197,Spreadsheet - SSS/V 2.1,US,36,45,orderable,103080,-1,2,"SmartSpread Spreadsheet, Standard Edition Version 2.1, for Vision Release 11.1 and 11.2. Shrink wrap includes CD-ROM containing software and online documentation, plus printed manual, tutorial, and license registration.",21,http://www.supp-103080.com/cat/sw/p3197.html,software1,spreadsheet software,20,software
3204,Envoy DS,US,107,126,orderable,102060,2,3,Envoy Docking Station,19,http://www.supp-102060.com/cat/hw/p3204.html,hardware8,"miscellaneous hardware (cables, screws, power supplies ...)",10,hardware
3208,Pencils - Wood,US,1,2,orderable,103097,0,1,"Box of 2 dozen wooden pencils. Specify lead type when ordering: 2H (double hard), H (hard), HB (hard black), B (soft black).",32,http://www.supp-103097.com/cat/off/p3208.html,office2,"office supplies for daily use (pencils, erasers, staples, ...)",30,office equipment
3209,Sharpener - Pencil,US,11,13,orderable,103096,2,2,Electric Pencil Sharpener Rugged steel cutters for long life. PencilSaver helps prevent over-sharpening. Non-skid rubber feet. Built-in pencil holder.,32,http://www.supp-103096.com/cat/off/p3209.html,office2,"office supplies for daily use (pencils, erasers, staples, ...)",30,office equipment
3216,Manual - Vision Net6.3,US,26,30,orderable,103083,0,2,Vision Networking V6.3 Reference Manual. Non-US version with basic encryption.,33,http://www.supp-103083.com/cat/off/p3216.html,office3,"manuals, other books",30,office equipment
3220,Manual - Vision OS/1.2,US,36,45,orderable,103083,0,2,"Vision Operating System V1.2 Reference Manual. Complete installation, configuration, management, and tuning information for Vision system administration.",33,http://www.supp-103083.com/cat/off/p3220.html,office3,"manuals, other books",30,office equipment
3224,Card Organizer - 250,US,28,32,orderable,103095,5,1,"Portable holder for organizing business cards, capacity 250. Booklet style with slip in, transparent pockets for business cards. Optional alphabet tabs. Specify cover color when ordering (dark brown, beige, burgundy, black, and light grey).",32,http://www.supp-103095.com/cat/off/p3224.html,office2,"office supplies for daily use (pencils, erasers, staples, ...)",30,office equipment
3225,Card Organizer - 1000,US,39,47,orderable,103095,-2,1,Holder for organizing business cards with alphabet dividers; capacity 1000. Desk top style with smoke grey cover and black base. Lid is removable for storing inside drawer.,32,http://www.supp-103095.com/cat/off/p3225.html,office2,"office supplies for daily use (pencils, erasers, staples, ...)",30,office equipment
3234,Monitor Hinge - STD,US,34,39,orderable,102072,10,3,"Standard Monitor Hinge, maximum monitor weight 10 kg",11,http://www.supp-102072.com/cat/hw/p3234.html,hardware1,monitors,10,hardware
3245,Smart Suite - S4.0/FR,US,195,222,orderable,103089,-6,2,"Office Suite (SmartWrite, SmartArt, SmartSpread, SmartBrowse) for SPNIX V4.0. French language software and user manuals.",29,http://www.supp-103089.com/cat/sw/p3245.html,software6,miscellaneous software,20,software
3246,Smart Suite - S4.0/SP,US,193,222,orderable,103089,-6,2,"Office Suite (SmartWrite, SmartArt, SmartSpread, SmartBrowse) for SPNIX V4.0. Spanish language software and user manuals.",29,http://www.supp-103089.com/cat/sw/p3246.html,software6,miscellaneous software,20,software
3247,Smart Suite - V/DE,US,96,120,orderable,103089,-6,2,"Office Suite (SmartWrite, SmartArt, SmartSpread, SmartBrowse) for Vision. German language software and user manuals.",29,http://www.supp-103089.com/cat/sw/p3247.html,software6,miscellaneous software,20,software
3248,Smart Suite - S4.0/DE,US,193,222,orderable,103089,-6,2,"Office Suite (SmartWrite, SmartArt, SmartSpread, SmartBrowse) for SPNIX V4.0. German language software and user manuals.",29,http://www.supp-103089.com/cat/sw/p3248.html,software6,miscellaneous software,20,software
3250,Graphics - DIK,US,24,28,orderable,103083,-1,1,"Software Kit Graphics: Draw-It Kwik. Simple graphics package for Vision systems, with options to save in GIF, JPG, and BMP formats.",29,http://www.supp-103083.com/cat/sw/p3250.html,software6,miscellaneous software,20,software
3251,Project Management - V,US,26,31,orderable,103093,-1,1,"Project Management Software, for Vision. Software includes command line and graphical interface with text, graphic, spreadsheet, and customizable report formats.",29,http://www.supp-103093.com/cat/sw/p3251.html,software6,miscellaneous software,20,software
3252,Project Management - S3.3,US,23,26,orderable,103093,-1,1,"Project Management Software, for SPNIX V3.3. Software includes command line and graphical interface with text, graphic, spreadsheet, and customizable report formats.",29,http://www.supp-103093.com/cat/sw/p3252.html,software6,miscellaneous software,20,software
3253,Smart Suite - S4.0/EN,US,188,222,orderable,103089,-6,2,"Office Suite (SmartWrite, SmartArt, SmartSpread, SmartBrowse) for SPNIX V4.0. English language software and user manuals.",29,http://www.supp-103089.com/cat/sw/p3253.html,software6,miscellaneous software,20,software
3255,Spreadsheet - SSS/CD 2.2B,US,30,35,orderable,103080,-1,1,"SmartSpread Spreadsheet, Standard Edition, Beta Version 2.2, for SPNIX Release 4.1. CD-ROM only.",21,http://www.supp-103080.com/cat/sw/p3255.html,software1,spreadsheet software,20,software
3256,Spreadsheet - SSS/V 2.0,US,34,40,orderable,103080,-1,2,"SmartSpread Spreadsheet, Standard Edition Version 2.0, for Vision Release 11.0. Shrink wrap includes CD-ROM containing software and online documentation, plus printed manual, tutorial, and license registration.",21,http://www.supp-103080.com/cat/sw/p3256.html,software1,spreadsheet software,20,software
3257,Web Browser - SB/S 2.1,US,58,66,orderable,103082,-1,1,Software Kit Web Browser: SmartBrowse V2.1 for SPNIX V3.3. Includes context sensitive help files and online documentation.,29,http://www.supp-103082.com/cat/sw/p3257.html,software6,miscellaneous software,20,software
3258,Web Browser - SB/V 1.0,US,70,80,orderable,103082,-1,1,Software Kit Web Browser: SmartBrowse V2.1 for Vision. Includes context sensitive help files and online documentation.,29,http://www.supp-103082.com/cat/sw/p3258.html,software6,miscellaneous software,20,software
3260,Word Processing - SWP/S 4.4,US,41,50,orderable,103093,-1,2,"SmartSpread Spreadsheet, Standard Edition Version 2.2, for SPNIX Release 4.x. Shrink wrap includes CD-ROM, containing software, plus printed manual and license registration.",22,http://www.supp-103093.com/cat/sw/p3260.html,software2,word processing software,20,software
3262,Spreadsheet - SSS/S 2.2,US,41,50,under development,103080,-1,2,"SmartSpread Spreadsheet, Standard Edition Version 2.2, for SPNIX Release 4.1. Shrink wrap includes CD-ROM containing software and online documentation, plus printed manual and license registration.",21,http://www.supp-103080.com/cat/sw/p3262.html,software1,spreadsheet software,20,software
3277,Drive Mount - A/T,US,29,36,orderable,102057,1,2,Drive Mount assembly kit for tower PC,19,http://www.supp-102057.com/cat/hw/p3277.html,hardware8,"miscellaneous hardware (cables, screws, power supplies ...)",10,hardware
3290,SPNIX3.3 DU,US,55,65,orderable,103092,1,1,Operating System Software: SPNIX V3.3 - V4.0 upgrade; developer license.,24,http://www.supp-103092.com/cat/sw/p3290.html,software4,operating systems,20,software
3300,Screws <S.32.P>,US,19,23,orderable,102071,0,3,"Screws: Steel, size 32mm, Phillips head. Plastic box, contents 400.",19,http://www.supp-102071.com/cat/hw/p3300.html,hardware8,"miscellaneous hardware (cables, screws, power supplies ...)",10,hardware
3301,Screws <B.28.P>,US,12,15,orderable,102071,0,2,"Screws: Brass, size 28mm, Phillips head. Plastic box, contents 500.",19,http://www.supp-102071.com/cat/hw/p3301.html,hardware8,"miscellaneous hardware (cables, screws, power supplies ...)",10,hardware
3331,Monitor 21/HR,US,785,879,orderable,102083,1,5,"21 inch monitor (20 inch viewable) high resolution. This monitor is ideal for business, desktop publishing, and graphics-intensive applications. Enjoy the productivity that a large monitor can bring via more workspace for running applications.",11,http://www.supp-102083.com/cat/hw/p3331.html,hardware1,monitors,10,hardware
3334,HD 12GB /R,US,512,612,orderable,102090,3,2,"12GB Removable hard disk drive. With compatibility across many enterprise platforms, you are free to deploy and re-deploy this drive to quickly deliver increased storage capacity. Supra7 Universal disk drives are the second generation of high performance hot plug drives sharing compatibility across corporate servers and external storage enclosures.",13,http://www.supp-102090.com/cat/hw/p3334.html,hardware3,harddisks,10,hardware
3337,Mobile Web Phone,US,666,800,orderable,103088,-5,2,Mobile phone including monthly fee for Web access. Slimline shape with leather-look carrying case and belt clip.,31,http://www.supp-103088.com/cat/off/p3337.html,office1,"capitalizable assets (desks, chairs, phones ...)",30,office equipment
3350,Plasma Monitor 10/LE/VGA,US,630,740,orderable,102068,1,3,"10 inch low energy plasma monitor, VGA resolution",11,http://www.supp-102068.com/cat/hw/p3350.html,hardware1,monitors,10,hardware
3353,HD 10GB /R,US,413,489,obsolete,102071,3,1,"10GB Removable hard disk drive for 10GB Removable HD drive. Supra7 disk drives provide the latest technology to improve enterprise performance, increasing the maximum data transfer rate up to 160MB/s.",13,http://www.supp-102071.com/cat/hw/p3353.html,hardware3,harddisks,10,hardware
3354,HD 12GB /I,US,478,543,orderable,102066,2,2,12GB capacity harddisk drive (internal). Supra drives eliminate the risk of firmware incompatibility. Backward compatibility: You can mix or match Supra2 and Supra3 devices for optimized solutions and future growth.,13,http://www.supp-102066.com/cat/hw/p3354.html,hardware3,harddisks,10,hardware
3355,HD 8GB /SI,US,,,orderable,102050,2,1,"8GB SCSI hard disk drive, internal. With compatibility across many enterprise platforms, you are free to deploy and re-deploy this drive to quickly deliver increased storage capacity. ",13,http://www.supp-102050.com/cat/hw/p3355.html,hardware3,harddisks,10,hardware
3359,SDRAM - 16 MB,US,99,111,orderable,102059,-9,1,"SDRAM memory upgrade module, 16 MB. Synchronous Dynamic Random Access Memory was introduced after EDO. Its architecture and operation are based on those of the standard DRAM, but SDRAM provides a revolutionary change to main memory that further reduces data retrieval times. SDRAM is synchronized to the system clock that controls the CPU. This means that the system clock controlling the functions of the microprocessor also controls the SDRAM functions. This enables the memory controller to know on which clock cycle a data request will be ready, and therefore eliminates timing delays.",14,http://www.supp-102059.com/cat/hw/p3359.html,hardware4,memory components/upgrades,10,hardware
3361,Spreadsheet - SSP/S 1.5,US,34,40,orderable,103080,-1,2,"SmartSpread Spreadsheet, Standard Edition Version 1.5, for SPNIX Release 3.3. Shrink wrap includes CD-ROM containing advanced software and online documentation, plus printed manual, tutorial, and license registration.",21,http://www.supp-103080.com/cat/sw/p3361.html,software1,spreadsheet software,20,software
3362,Web Browser - SB/S 4.0,US,81,99,orderable,103082,-1,1,Software Kit Web Browser: SmartBrowse V4.0 for SPNIX V4.0. Includes context sensitive help files and online documentation.,29,http://www.supp-103082.com/cat/sw/p3362.html,software6,miscellaneous software,20,software
3391,PS 110/220,US,75,85,orderable,102062,-5,2,"Power Supply - switchable, 110V/220V",19,http://www.supp-102062.com/cat/hw/p3391.html,hardware8,"miscellaneous hardware (cables, screws, power supplies ...)",10,hardware
3399,HD 18GB /SE,US,706,815,under development,102083,2,3,"18GB SCSI external hard disk drive. Supra5 Universal hard disk drives provide the ability to hot plug between various servers, RAID arrays, and external storage shelves.",13,http://www.supp-999999.com/cat/hw/p3333.html,hardware3,harddisks,10,hardware
3400,HD 8GB /SE,US,337,389,orderable,102063,3,2,"8GB capacity SCSI hard disk drive (external). Supra7 disk drives provide the latest technology to improve enterprise performance, increasing the maximum data transfer rate up to 255MB/s.",13,http://www.supp-102063.com/cat/hw/p3400.html,hardware3,harddisks,10,hardware
3501,C for SPNIX4.0 - Sys,US,448,555,orderable,103092,-6,1,"C programming software for SPNIX V4.0 - system compiler, libraries, linker",25,http://www.supp-103092.com/cat/sw/p3501.html,software5,software development tools (including languages),20,software
3502,C for SPNIX3.3 -Sys/U,US,88,105,orderable,103092,-6,1,"C programming software for SPNIX V3.3 - 4.0 Upgrade; system compiler, libraries, linker",25,http://www.supp-103092.com/cat/sw/p3502.html,software5,software development tools (including languages),20,software
3503,C for SPNIX3.3 - Seat/U,US,18,22,orderable,103092,-6,1,C programming software for SPNIX V3.3 - 4.0 Upgrade - single user,25,http://www.supp-103092.com/cat/sw/p3503.html,software5,software development tools (including languages),20,software
3511,Paper - HQ Printer,US,7,9,orderable,103080,0,2,Quality paper for inkjet and laser printers tested to resist printer jams. Acid free for archival purposes. 22lb. weight with brightness of 92. Size: 8 1/2 x 11. Single 500-sheet ream.,32,http://www.supp-103080.com/cat/off/p3511.html,office2,"office supplies for daily use (pencils, erasers, staples, ...)",30,office equipment
3515,Lead Replacement,US,1,2,orderable,103095,0,1,Refill leads for mechanical pencils. Each pack contains 25 leads and a replacement eraser. Available in three lead sizes: .5mm (fine)); .7mm (medium)); and .9mm (thick).,32,http://www.supp-103095.com/cat/off/p3515.html,office2,"office supplies for daily use (pencils, erasers, staples, ...)",30,office equipment
